solver,num_datasets,success_rate,timeout_rate,avg_deviation,std_deviation,avg_time,percentile_90_time,best_cost
Greedy (best_insertion),165,0.8869565217391304,0.11304347826086956,0.5212946871067768,0.7681883769153035,0.5530202720476234,3.0,282169584.0
GreatDeluge,165,1.0,0.0,1.1133315457003512,1.206096228744346,0.1400696035744487,0.4311177253723151,280952723.0
Becker (non-opt),165,1.0,0.0,5.423483674255558,3.7561546651457407,0.08040988065194388,0.41128015518188504,273619503.0
Becker (opt),165,1.0,0.0,10.301590727349248,5.338230384019268,0.0009481333304142163,0.001997947692871,254412126.0
Greedy (look_ahead),5,0.2,0.8,44.37869822485207,0.0,2.4329816627502443,3.0,94.0
Greedy (random),165,1.0,0.0,45.314865863280225,17.32345095401136,0.024439517311427867,0.11959991455078123,112829715.0
Greedy (basic),165,1.0,0.0,46.817684741257416,18.1709055166554,0.02293493022089415,0.11706309318542475,119280218.0
