solver,num_matrices,success_rate,timeout_rate,avg_deviation,std_deviation,avg_time,percentile_90_time,best_cost
Greedy (best_insertion),1,1.0,0.0,0.3998758573950118,0.3373926959207821,0.635019850730896,0.6695096492767334,2717663
GreatDeluge,1,1.0,0.0,0.6485234346819727,0.986380300000252,0.18347492694854736,0.2196971893310547,2735710
Becker (non-opt),1,1.0,0.0,2.8321023837664243,0.6985789265783646,0.06147827625274658,0.07005898952484131,2662244
Greedy (basic),1,1.0,0.0,17.100971479260622,0.5676751291206847,0.01693053722381592,0.019693994522094728,2265843
Greedy (random),1,1.0,0.0,18.66406319546021,3.0077320548767403,0.017731404304504393,0.02019929885864258,2462816
Becker (opt),1,1.0,0.0,30.022228448440437,0.43263957581336865,0.001063518524169922,0.0010453939437866213,1911085
