solver,num_matrices,success_rate,timeout_rate,avg_deviation,std_deviation,avg_time,percentile_90_time,best_cost
Greedy (best_insertion),90,1.0,0.0,0.6005299946988943,0.8503946163254003,0.08846400181452434,0.1340003252029419,56094
GreatDeluge,90,1.0,0.0,1.1724363925104464,1.1140492726417268,0.052016535070207384,0.06560170650482178,55746
Becker (non-opt),90,1.0,0.0,5.11006537961898,1.3366372646173619,0.014041206571790907,0.018600749969482418,54320
Becker (opt),90,1.0,0.0,10.225917568215497,2.228496416362862,0.0007389558686150445,0.0010023117065429688,53090
Greedy (random),90,1.0,0.0,33.93321814038234,8.605713528404534,0.0044943491617838545,0.006000041961669922,35651
Greedy (basic),90,1.0,0.0,33.98375062964779,8.582650748909126,0.004377020729912652,0.006000041961669922,34023
