solver,num_matrices,success_rate,timeout_rate,avg_deviation,std_deviation,avg_time,percentile_90_time,best_cost
Greedy (best_insertion),15,0.3333333333333333,0.6666666666666666,0.23626073039677825,0.4957985258088384,2.637882947921753,3.0,145261.0
GreatDeluge,15,1.0,0.0,0.8510742108962727,1.0028888065740778,0.542834734916687,0.7879319429397583,360003.0
Becker (non-opt),15,1.0,0.0,1.4904699109784412,1.2893540003161077,0.3544797658920288,0.47986052036285404,357674.0
Becker (opt),15,1.0,0.0,1.7825461726961669,1.2046403989305223,0.001566783587137858,0.00200042724609375,357049.0
Greedy (random),15,1.0,0.0,76.6578412217438,5.757962373702143,0.0989924987157186,0.13465592861175538,80799.0
Greedy (basic),15,1.0,0.0,78.21533301664849,4.70310081561325,0.09828104972839355,0.13310582637786866,76913.0
