solver,num_matrices,success_rate,timeout_rate,avg_deviation,std_deviation,avg_time,percentile_90_time,best_cost
Greedy (best_insertion),2,0.5,0.5,0.04842978797980597,0.1145733105076268,2.4453139305114746,3.0,28440.0
GreatDeluge,2,1.0,0.0,0.4211834674798285,0.3917524978228867,0.4342095899581909,0.7510957717895508,78705.0
Becker (non-opt),2,1.0,0.0,0.9656504472786025,1.7841393603785223,0.2923516845703125,0.46040961742401126,78736.0
Becker (opt),2,1.0,0.0,1.3707968181596026,1.4528333156863225,0.0014865303039550781,0.0020017623901367188,78400.0
Greedy (random),2,1.0,0.0,88.13655702973654,1.3875424646151837,0.08281031370162964,0.12900185585021973,9684.0
Greedy (basic),2,1.0,0.0,88.41447513407266,1.275724492073528,0.0815352725982666,0.1294172763824463,9268.0
