solver,num_matrices,success_rate,timeout_rate,avg_deviation,std_deviation,avg_time,percentile_90_time,best_cost
Greedy (best_insertion),2,0.5,0.5,0.06923693629209281,0.20153846158757335,2.456367061138153,3.0,106730.0
GreatDeluge,2,1.0,0.0,0.7871025362865659,0.8420927561945577,0.409072732925415,0.685156536102295,228865.0
Becker (non-opt),2,1.0,0.0,3.153277241982288,1.0365816433051613,0.2920699191093445,0.45347366333007816,221930.0
Becker (opt),2,1.0,0.0,8.154420462602879,1.3413969368428538,0.0015598821640014648,0.0020017623901367188,213299.0
Greedy (basic),2,1.0,0.0,17.927870993667533,2.100211813472043,0.08221524238586425,0.13061096668243408,192762.0
Greedy (random),2,1.0,0.0,18.078167969682045,2.227510906244898,0.08615169763565063,0.13600032329559325,196233.0
