solver,num_matrices,success_rate,timeout_rate,avg_deviation,std_deviation,avg_time,percentile_90_time,best_cost
Greedy (best_insertion),50,1.0,0.0,0.38182019504045817,0.5831957001228736,0.13882205724716187,0.2175994873046876,282169584
GreatDeluge,50,1.0,0.0,0.989112561410279,1.3283664279153986,0.0722532844543457,0.10740010738372806,280952723
Becker (non-opt),50,1.0,0.0,7.681693223077262,5.061372026730769,0.019211971759796144,0.029600524902343755,273619503
Becker (opt),50,1.0,0.0,12.836253042924048,6.19861657239638,0.0008809685707092286,0.0010023117065429688,254412126
Greedy (random),50,1.0,0.0,56.60949169124773,10.557466775919528,0.00587831974029541,0.00810573101043702,112829715
Greedy (basic),50,1.0,0.0,61.272305503018586,8.306313060168812,0.005810840129852295,0.007998323440551758,119280218
